{"cameraMode":{"drawMode":0,"name":"Shaded","section":"Shading Mode"},"sceneLighting":true,"audioPlay":false,"sceneViewState":{"showFog":true,"showMaterialUpdate":false,"showSkybox":true,"showFlares":true,"showImageEffects":true,"showParticleSystems":true},"in2DMode":false,"pivot":{"x":0.6303877830505371,"y":-8.980918884277344,"z":-1.5835723876953126},"rotation":{"x":-0.5687474012374878,"y":-0.20944355428218842,"z":0.1522727906703949,"w":-0.780948281288147},"size":12.04713249206543,"orthographic":false}